booking_id,club_id,court_id,user_id,start_time,end_time,duration,booking_date,payment_method,paid_amount,booking_status,rating_given
1,19,75,142,09:00,11:00,2,2025-10-07,mobile banking,470000,pending,null
2,49,191,491,09:00,12:00,3,2025-09-02,cash,675000,confirmed,3.0
3,39,148,294,17:00,19:00,2,2025-10-07,cash,200000,confirmed,3.0
4,32,120,242,09:00,10:00,1,2025-09-04,cash,50000,confirmed,1.0
5,9,31,457,08:00,12:00,4,2025-11-16,mobile banking,920000,confirmed,3.0
6,9,30,499,14:00,20:00,6,2025-09-11,mobile banking,1380000,confirmed,1.0
7,4,10,241,12:00,16:00,4,2025-10-30,cash,880000,cancelled,2.0
8,44,172,359,13:00,16:00,3,2025-09-24,mobile banking,240000,pending,null
9,33,121,180,14:00,15:00,1,2025-09-15,mobile banking,190000,confirmed,2.0
10,37,141,53,10:00,15:00,5,2025-11-05,mobile banking,625000,pending,null
11,2,5,206,13:00,16:00,3,2025-10-30,mobile banking,615000,confirmed,2.0
12,49,191,175,14:00,18:00,4,2025-09-09,cash,900000,pending,null
13,43,168,356,12:00,17:00,5,2025-11-09,cash,425000,confirmed,1.0
14,11,43,306,09:00,13:00,4,2025-11-15,mobile banking,780000,confirmed,1.0
15,11,38,307,14:00,17:00,3,2025-09-09,cash,585000,confirmed,5.0
16,11,39,47,18:00,22:00,4,2025-09-08,cash,780000,pending,5.0
17,16,59,273,08:00,14:00,6,2025-10-28,mobile banking,1080000,confirmed,5.0
18,28,106,154,17:00,19:00,2,2025-10-11,mobile banking,450000,cancelled,4.0
19,23,86,262,05:00,10:00,5,2025-11-18,mobile banking,1175000,pending,null
20,16,61,421,06:00,07:00,1,2025-11-11,mobile banking,180000,confirmed,3.0
21,33,122,321,16:00,20:00,4,2025-10-21,mobile banking,760000,pending,null
22,8,29,244,17:00,19:00,2,2025-09-23,cash,420000,confirmed,4.0
23,16,60,69,10:00,12:00,2,2025-09-17,cash,360000,confirmed,1.0
24,19,76,44,12:00,18:00,6,2025-09-18,cash,1410000,confirmed,4.0
25,24,93,233,13:00,18:00,5,2025-09-24,mobile banking,650000,confirmed,4.0
26,41,159,310,08:00,10:00,2,2025-10-25,cash,110000,confirmed,2.0
27,11,39,188,16:00,20:00,4,2025-11-13,cash,780000,cancelled,5.0
28,26,102,493,14:00,15:00,1,2025-11-01,cash,220000,confirmed,5.0
29,32,120,456,08:00,13:00,5,2025-11-06,cash,250000,confirmed,1.0
30,4,12,463,17:00,20:00,3,2025-09-07,mobile banking,660000,confirmed,1.0
31,33,124,376,14:00,19:00,5,2025-11-13,mobile banking,950000,confirmed,3.0
32,10,34,384,19:00,20:00,1,2025-11-16,mobile banking,80000,pending,null
33,5,16,27,09:00,14:00,5,2025-11-13,mobile banking,1075000,pending,null
34,49,193,40,10:00,11:00,1,2025-11-04,mobile banking,225000,confirmed,5.0
35,49,192,310,08:00,11:00,3,2025-09-15,cash,675000,cancelled,2.0
36,42,164,249,13:00,15:00,2,2025-10-01,cash,320000,pending,null
37,16,59,429,15:00,17:00,2,2025-09-20,mobile banking,360000,pending,4.0
38,6,21,108,15:00,21:00,6,2025-09-22,mobile banking,330000,confirmed,3.0
39,36,135,244,19:00,21:00,2,2025-10-22,mobile banking,230000,confirmed,5.0
40,24,91,135,13:00,19:00,6,2025-10-31,cash,780000,confirmed,4.0
41,8,27,493,13:00,17:00,4,2025-10-11,cash,840000,confirmed,5.0
42,26,103,172,15:00,20:00,5,2025-10-05,mobile banking,1100000,confirmed,1.0
43,3,9,396,12:00,17:00,5,2025-10-30,cash,1000000,pending,5.0
44,47,184,281,08:00,14:00,6,2025-10-11,cash,1110000,confirmed,1.0
45,14,52,180,10:00,11:00,1,2025-10-28,cash,125000,pending,null
46,35,129,481,07:00,12:00,5,2025-09-08,cash,450000,cancelled,1.0
47,17,62,337,10:00,15:00,5,2025-10-19,cash,500000,cancelled,2.0
48,28,107,473,08:00,12:00,4,2025-10-29,mobile banking,900000,pending,null
49,30,110,196,19:00,22:00,3,2025-09-08,mobile banking,720000,confirmed,1.0
50,11,43,36,10:00,13:00,3,2025-10-27,mobile banking,585000,cancelled,2.0
51,49,193,56,18:00,20:00,2,2025-11-02,cash,450000,confirmed,4.0
52,41,155,53,17:00,21:00,4,2025-10-04,cash,220000,confirmed,5.0
53,48,188,335,14:00,15:00,1,2025-09-20,cash,145000,cancelled,4.0
54,46,179,295,12:00,18:00,6,2025-10-21,cash,1110000,confirmed,4.0
55,32,120,116,08:00,12:00,4,2025-11-09,cash,200000,confirmed,4.0
56,47,186,350,11:00,16:00,5,2025-10-13,mobile banking,925000,confirmed,1.0
57,6,20,332,19:00,20:00,1,2025-10-08,cash,55000,confirmed,1.0
58,11,42,459,12:00,14:00,2,2025-10-20,cash,390000,confirmed,3.0
59,4,10,72,15:00,21:00,6,2025-09-25,cash,1320000,confirmed,5.0
60,17,65,330,09:00,13:00,4,2025-11-09,mobile banking,400000,confirmed,4.0
61,20,77,404,06:00,09:00,3,2025-10-14,cash,630000,confirmed,2.0
62,15,56,380,13:00,19:00,6,2025-09-20,cash,1320000,cancelled,1.0
63,42,165,465,05:00,11:00,6,2025-10-31,cash,960000,confirmed,2.0
64,18,68,421,08:00,14:00,6,2025-10-10,cash,1110000,confirmed,2.0
65,15,53,305,06:00,07:00,1,2025-11-03,cash,220000,confirmed,2.0
66,29,109,167,16:00,22:00,6,2025-10-22,cash,510000,cancelled,5.0
67,8,26,304,10:00,13:00,3,2025-09-06,cash,630000,confirmed,1.0
68,41,156,284,08:00,12:00,4,2025-10-18,cash,220000,confirmed,5.0
69,5,14,9,19:00,20:00,1,2025-09-21,mobile banking,215000,confirmed,1.0
70,50,195,356,12:00,18:00,6,2025-10-24,mobile banking,1470000,confirmed,2.0
71,41,158,123,13:00,18:00,5,2025-10-23,cash,275000,confirmed,1.0
72,11,38,487,15:00,21:00,6,2025-11-18,cash,1170000,confirmed,3.0
73,1,4,61,12:00,13:00,1,2025-09-25,cash,145000,confirmed,5.0
74,42,163,142,17:00,21:00,4,2025-09-27,cash,640000,confirmed,2.0
75,37,141,28,10:00,12:00,2,2025-09-06,mobile banking,250000,confirmed,4.0
76,39,148,54,13:00,18:00,5,2025-09-06,cash,500000,cancelled,2.0
77,41,154,37,14:00,18:00,4,2025-09-15,cash,220000,pending,null
78,5,16,118,18:00,20:00,2,2025-10-12,cash,430000,confirmed,1.0
79,18,72,457,11:00,15:00,4,2025-10-19,cash,740000,confirmed,5.0
80,7,22,476,07:00,11:00,4,2025-09-28,mobile banking,480000,confirmed,3.0
81,44,173,500,10:00,16:00,6,2025-10-16,mobile banking,480000,confirmed,2.0
82,33,125,57,11:00,12:00,1,2025-09-18,mobile banking,190000,confirmed,2.0
83,18,68,405,17:00,20:00,3,2025-09-21,cash,555000,confirmed,5.0
84,5,13,442,15:00,19:00,4,2025-11-02,cash,860000,confirmed,4.0
85,17,62,127,11:00,17:00,6,2025-10-02,mobile banking,600000,confirmed,2.0
86,17,63,23,08:00,13:00,5,2025-10-24,cash,500000,cancelled,5.0
87,39,149,415,12:00,17:00,5,2025-11-01,cash,500000,confirmed,2.0
88,34,128,68,18:00,19:00,1,2025-09-28,mobile banking,220000,confirmed,1.0
89,45,177,361,11:00,17:00,6,2025-09-21,mobile banking,1440000,cancelled,5.0
90,25,97,448,19:00,23:00,4,2025-09-18,mobile banking,600000,confirmed,3.0
91,7,24,198,05:00,11:00,6,2025-09-10,mobile banking,720000,confirmed,3.0
92,38,144,295,12:00,18:00,6,2025-11-09,cash,630000,pending,1.0
93,40,152,57,13:00,18:00,5,2025-09-07,mobile banking,550000,confirmed,5.0
94,30,112,361,09:00,12:00,3,2025-11-11,cash,720000,confirmed,2.0
95,41,159,333,14:00,16:00,2,2025-09-15,mobile banking,110000,pending,5.0
96,25,99,460,12:00,14:00,2,2025-10-16,mobile banking,300000,confirmed,4.0
97,28,105,232,12:00,13:00,1,2025-10-15,mobile banking,225000,confirmed,1.0
98,23,87,410,14:00,18:00,4,2025-10-18,cash,940000,confirmed,4.0
99,2,5,491,07:00,11:00,4,2025-10-07,cash,820000,confirmed,3.0
100,7,24,448,12:00,14:00,2,2025-09-20,cash,240000,confirmed,1.0
101,3,8,243,14:00,20:00,6,2025-09-17,mobile banking,1200000,confirmed,1.0
102,34,126,428,05:00,06:00,1,2025-09-30,mobile banking,220000,confirmed,3.0
103,17,65,156,15:00,20:00,5,2025-10-29,cash,500000,cancelled,3.0
104,26,102,498,12:00,14:00,2,2025-10-18,mobile banking,440000,pending,null
105,47,184,365,08:00,12:00,4,2025-09-21,mobile banking,740000,confirmed,2.0
106,14,50,163,08:00,10:00,2,2025-09-06,cash,250000,confirmed,3.0
107,21,80,177,06:00,11:00,5,2025-10-11,cash,1200000,confirmed,5.0
108,40,153,477,08:00,09:00,1,2025-10-22,mobile banking,110000,pending,4.0
109,13,46,170,14:00,20:00,6,2025-11-04,mobile banking,660000,confirmed,3.0
110,5,17,353,14:00,20:00,6,2025-10-14,cash,1290000,pending,null
111,15,57,206,09:00,10:00,1,2025-09-04,cash,220000,confirmed,1.0
112,10,33,270,11:00,16:00,5,2025-11-14,cash,400000,pending,null
113,47,182,500,13:00,18:00,5,2025-09-12,mobile banking,925000,confirmed,3.0
114,42,164,190,07:00,11:00,4,2025-10-25,mobile banking,640000,confirmed,3.0
115,34,127,45,12:00,15:00,3,2025-11-11,cash,660000,pending,4.0
116,44,173,374,09:00,12:00,3,2025-10-25,mobile banking,240000,confirmed,5.0
117,41,155,244,09:00,11:00,2,2025-10-09,mobile banking,110000,confirmed,5.0
118,11,37,213,14:00,15:00,1,2025-10-05,cash,195000,confirmed,5.0
119,46,179,284,13:00,15:00,2,2025-10-08,mobile banking,370000,confirmed,3.0
120,28,108,14,14:00,19:00,5,2025-09-29,cash,1125000,confirmed,3.0
121,42,162,214,15:00,21:00,6,2025-10-07,cash,960000,confirmed,2.0
122,46,179,307,14:00,17:00,3,2025-09-09,mobile banking,555000,confirmed,5.0
123,17,64,499,13:00,19:00,6,2025-10-31,cash,600000,confirmed,5.0
124,7,23,75,14:00,16:00,2,2025-09-08,mobile banking,240000,confirmed,2.0
125,13,46,215,10:00,11:00,1,2025-10-17,mobile banking,110000,confirmed,3.0
126,23,86,307,07:00,13:00,6,2025-09-13,cash,1410000,confirmed,3.0
127,42,164,50,16:00,22:00,6,2025-10-17,mobile banking,960000,pending,null
128,44,172,175,14:00,17:00,3,2025-10-23,cash,240000,confirmed,2.0
129,1,2,236,08:00,10:00,2,2025-10-24,cash,290000,confirmed,2.0
130,26,103,72,09:00,12:00,3,2025-10-17,mobile banking,660000,cancelled,5.0
131,22,85,382,12:00,14:00,2,2025-09-04,cash,460000,confirmed,2.0
132,12,45,41,08:00,10:00,2,2025-09-17,mobile banking,350000,confirmed,1.0
133,7,22,101,11:00,15:00,4,2025-09-06,cash,480000,confirmed,5.0
134,18,67,23,09:00,13:00,4,2025-10-03,cash,740000,confirmed,1.0
135,48,187,462,10:00,15:00,5,2025-11-15,cash,725000,confirmed,3.0
136,17,62,179,12:00,14:00,2,2025-11-14,mobile banking,200000,confirmed,5.0
137,27,104,420,08:00,13:00,5,2025-09-13,cash,625000,confirmed,2.0
138,37,140,474,08:00,13:00,5,2025-09-13,cash,625000,cancelled,4.0
139,19,74,93,16:00,20:00,4,2025-09-14,mobile banking,940000,cancelled,4.0
140,50,199,390,14:00,16:00,2,2025-09-15,mobile banking,490000,confirmed,1.0
141,49,191,286,13:00,17:00,4,2025-10-07,cash,900000,confirmed,4.0
142,14,52,377,14:00,17:00,3,2025-11-16,mobile banking,375000,confirmed,4.0
143,26,103,439,11:00,14:00,3,2025-09-25,cash,660000,cancelled,4.0
144,16,59,345,16:00,17:00,1,2025-11-02,cash,180000,confirmed,5.0
145,15,53,356,11:00,13:00,2,2025-10-22,cash,440000,pending,null
146,3,7,433,09:00,12:00,3,2025-11-16,mobile banking,600000,confirmed,4.0
147,33,123,183,11:00,17:00,6,2025-10-22,mobile banking,1140000,confirmed,4.0
148,26,102,56,17:00,19:00,2,2025-10-29,cash,440000,confirmed,4.0
149,4,12,378,08:00,10:00,2,2025-09-13,cash,440000,pending,4.0
150,15,56,79,15:00,20:00,5,2025-10-12,mobile banking,1100000,confirmed,1.0
151,47,186,104,18:00,22:00,4,2025-10-30,mobile banking,740000,confirmed,4.0
152,13,47,280,11:00,16:00,5,2025-11-09,cash,550000,cancelled,1.0
153,8,25,437,14:00,18:00,4,2025-10-11,mobile banking,840000,confirmed,1.0
154,25,95,453,17:00,22:00,5,2025-10-09,cash,750000,confirmed,2.0
155,50,200,292,15:00,19:00,4,2025-09-15,mobile banking,980000,confirmed,5.0
156,14,52,260,15:00,19:00,4,2025-09-21,cash,500000,confirmed,4.0
157,36,138,393,15:00,20:00,5,2025-10-16,mobile banking,575000,confirmed,1.0
158,40,152,415,13:00,15:00,2,2025-10-15,cash,220000,pending,null
159,13,47,180,11:00,14:00,3,2025-10-23,cash,330000,confirmed,2.0
160,39,151,467,15:00,18:00,3,2025-09-11,cash,300000,cancelled,1.0
161,19,74,20,14:00,15:00,1,2025-10-12,mobile banking,235000,confirmed,4.0
162,34,128,357,09:00,13:00,4,2025-09-03,mobile banking,880000,confirmed,3.0
163,34,128,51,10:00,14:00,4,2025-11-13,mobile banking,880000,confirmed,2.0
164,28,108,315,12:00,17:00,5,2025-09-22,mobile banking,1125000,confirmed,4.0
165,6,21,110,06:00,12:00,6,2025-11-08,mobile banking,330000,confirmed,3.0
166,43,167,49,08:00,13:00,5,2025-11-14,mobile banking,425000,confirmed,5.0
167,17,65,408,11:00,15:00,4,2025-10-15,cash,400000,confirmed,3.0
168,11,40,103,16:00,22:00,6,2025-10-11,mobile banking,1170000,confirmed,5.0
169,3,8,452,14:00,20:00,6,2025-09-24,cash,1200000,confirmed,5.0
170,32,120,138,17:00,19:00,2,2025-10-30,mobile banking,100000,cancelled,1.0
171,36,136,124,12:00,15:00,3,2025-09-19,cash,345000,pending,3.0
172,1,3,137,11:00,12:00,1,2025-10-23,mobile banking,145000,confirmed,3.0
173,26,103,99,06:00,08:00,2,2025-09-20,cash,440000,confirmed,3.0
174,13,47,332,12:00,17:00,5,2025-10-25,cash,550000,confirmed,3.0
175,35,129,338,18:00,21:00,3,2025-10-06,cash,270000,confirmed,1.0
176,10,33,309,09:00,10:00,1,2025-10-11,mobile banking,80000,cancelled,4.0
177,36,135,121,18:00,22:00,4,2025-09-18,cash,460000,confirmed,5.0
178,20,78,122,19:00,23:00,4,2025-09-12,cash,840000,pending,null
179,48,189,479,13:00,19:00,6,2025-10-01,mobile banking,870000,confirmed,1.0
180,8,26,131,14:00,17:00,3,2025-10-23,cash,630000,confirmed,3.0
181,18,69,350,14:00,19:00,5,2025-10-31,cash,925000,cancelled,2.0
182,7,23,11,10:00,16:00,6,2025-10-10,cash,720000,pending,1.0
183,47,184,328,12:00,17:00,5,2025-10-10,mobile banking,925000,cancelled,1.0
184,45,176,466,13:00,17:00,4,2025-09-02,mobile banking,960000,cancelled,3.0
185,14,49,441,11:00,13:00,2,2025-09-27,cash,250000,cancelled,3.0
186,35,129,422,19:00,22:00,3,2025-09-11,mobile banking,270000,confirmed,4.0
187,42,165,260,10:00,11:00,1,2025-10-04,cash,160000,confirmed,5.0
188,30,115,391,14:00,17:00,3,2025-09-04,cash,720000,confirmed,2.0
189,28,106,322,13:00,14:00,1,2025-09-26,mobile banking,225000,confirmed,1.0
190,14,50,434,15:00,17:00,2,2025-09-17,mobile banking,250000,pending,null
191,6,19,424,07:00,10:00,3,2025-11-15,mobile banking,165000,pending,null
192,46,180,484,13:00,15:00,2,2025-10-19,cash,370000,confirmed,1.0
193,46,181,499,10:00,15:00,5,2025-09-12,mobile banking,925000,confirmed,2.0
194,34,127,134,11:00,16:00,5,2025-11-16,cash,1100000,confirmed,3.0
195,18,71,223,08:00,09:00,1,2025-11-07,mobile banking,185000,pending,null
196,18,72,148,11:00,13:00,2,2025-10-05,mobile banking,370000,confirmed,4.0
197,39,150,373,19:00,21:00,2,2025-10-07,cash,200000,confirmed,4.0
198,46,179,317,11:00,14:00,3,2025-10-01,mobile banking,555000,cancelled,3.0
199,45,176,447,22:00,23:00,1,2025-09-18,mobile banking,240000,cancelled,4.0
200,41,160,132,12:00,18:00,6,2025-11-16,cash,330000,confirmed,1.0
201,35,131,311,21:00,23:00,2,2025-10-16,cash,180000,confirmed,5.0
202,5,16,68,13:00,16:00,3,2025-10-18,cash,645000,confirmed,3.0
203,10,36,46,15:00,18:00,3,2025-09-17,mobile banking,240000,pending,null
204,46,179,256,07:00,10:00,3,2025-09-17,mobile banking,555000,pending,null
205,33,123,161,11:00,16:00,5,2025-11-06,mobile banking,950000,cancelled,3.0
206,1,2,28,15:00,20:00,5,2025-10-27,cash,725000,confirmed,2.0
207,6,18,362,09:00,13:00,4,2025-09-21,mobile banking,220000,confirmed,4.0
208,35,132,249,17:00,20:00,3,2025-11-11,mobile banking,270000,confirmed,2.0
209,1,3,93,11:00,12:00,1,2025-10-07,cash,145000,pending,null
210,10,34,393,08:00,13:00,5,2025-11-07,cash,400000,confirmed,1.0
211,30,113,14,08:00,14:00,6,2025-10-13,mobile banking,1440000,confirmed,1.0
212,36,137,79,06:00,11:00,5,2025-10-12,cash,575000,confirmed,4.0
213,35,134,169,15:00,18:00,3,2025-09-01,cash,270000,confirmed,4.0
214,12,44,411,18:00,20:00,2,2025-09-07,mobile banking,350000,confirmed,1.0
215,38,145,205,14:00,19:00,5,2025-09-12,mobile banking,525000,confirmed,4.0
216,13,46,400,08:00,10:00,2,2025-10-20,mobile banking,220000,confirmed,2.0
217,17,64,463,14:00,18:00,4,2025-10-10,cash,400000,confirmed,1.0
218,39,150,454,13:00,15:00,2,2025-10-28,mobile banking,200000,confirmed,5.0
219,35,132,315,19:00,20:00,1,2025-10-18,cash,90000,confirmed,4.0
220,44,170,347,12:00,17:00,5,2025-10-30,cash,400000,confirmed,2.0
221,35,133,43,16:00,22:00,6,2025-11-07,mobile banking,540000,confirmed,1.0
222,30,112,431,09:00,11:00,2,2025-10-09,cash,480000,confirmed,3.0
223,6,18,262,21:00,22:00,1,2025-09-14,mobile banking,55000,confirmed,4.0
224,19,75,42,10:00,13:00,3,2025-11-14,cash,705000,confirmed,4.0
225,15,54,214,05:00,09:00,4,2025-09-11,mobile banking,880000,confirmed,4.0
226,14,51,109,20:00,23:00,3,2025-09-24,cash,375000,confirmed,5.0
227,50,200,10,14:00,15:00,1,2025-11-08,cash,245000,confirmed,1.0
228,21,82,372,12:00,16:00,4,2025-11-17,mobile banking,960000,confirmed,5.0
229,46,181,45,13:00,19:00,6,2025-10-09,cash,1110000,confirmed,2.0
230,34,126,108,08:00,14:00,6,2025-09-04,mobile banking,1320000,confirmed,2.0
231,41,157,76,10:00,11:00,1,2025-10-30,mobile banking,55000,confirmed,1.0
232,26,101,242,12:00,18:00,6,2025-11-02,cash,1320000,cancelled,5.0
233,31,116,27,16:00,19:00,3,2025-10-21,mobile banking,390000,confirmed,4.0
234,25,97,375,16:00,22:00,6,2025-11-16,mobile banking,900000,confirmed,4.0
235,11,41,119,17:00,22:00,5,2025-11-02,cash,975000,confirmed,4.0
236,38,144,458,09:00,14:00,5,2025-10-05,mobile banking,525000,cancelled,1.0
237,15,57,358,10:00,16:00,6,2025-10-28,mobile banking,1320000,confirmed,3.0
238,2,6,260,12:00,15:00,3,2025-09-30,cash,615000,confirmed,3.0
239,35,130,492,17:00,20:00,3,2025-10-20,mobile banking,270000,pending,3.0
240,10,34,67,09:00,12:00,3,2025-11-01,cash,240000,confirmed,5.0
241,48,187,121,14:00,18:00,4,2025-10-09,cash,580000,confirmed,1.0
242,49,192,90,18:00,21:00,3,2025-09-21,cash,675000,pending,null
243,47,186,115,07:00,09:00,2,2025-11-11,mobile banking,370000,confirmed,3.0
244,19,73,437,10:00,15:00,5,2025-09-20,cash,1175000,pending,4.0
245,1,1,422,14:00,19:00,5,2025-09-14,cash,725000,confirmed,2.0
246,47,183,363,08:00,11:00,3,2025-10-08,mobile banking,555000,pending,4.0
247,23,86,420,10:00,16:00,6,2025-10-13,cash,1410000,confirmed,2.0
248,49,193,175,11:00,12:00,1,2025-10-31,mobile banking,225000,confirmed,1.0
249,49,192,323,14:00,20:00,6,2025-10-17,cash,1350000,confirmed,5.0
250,44,171,471,13:00,15:00,2,2025-10-23,mobile banking,160000,cancelled,5.0
251,16,59,368,08:00,12:00,4,2025-09-02,cash,720000,confirmed,3.0
252,20,77,389,05:00,09:00,4,2025-10-21,cash,840000,confirmed,2.0
253,44,170,206,11:00,17:00,6,2025-10-24,mobile banking,480000,pending,3.0
254,17,64,229,10:00,15:00,5,2025-10-22,cash,500000,cancelled,5.0
255,10,36,398,13:00,19:00,6,2025-10-22,cash,480000,cancelled,1.0
256,30,114,267,13:00,16:00,3,2025-09-17,mobile banking,720000,confirmed,5.0
257,48,188,12,12:00,17:00,5,2025-09-21,cash,725000,cancelled,5.0
258,37,141,259,12:00,14:00,2,2025-10-25,cash,250000,pending,null
259,30,114,388,08:00,11:00,3,2025-09-07,cash,720000,confirmed,5.0
260,6,21,290,08:00,11:00,3,2025-11-14,cash,165000,confirmed,3.0
261,33,124,168,10:00,15:00,5,2025-09-14,cash,950000,pending,null
262,50,196,42,14:00,20:00,6,2025-10-23,cash,1470000,confirmed,2.0
263,8,26,347,08:00,12:00,4,2025-10-18,mobile banking,840000,confirmed,5.0
264,27,104,226,14:00,19:00,5,2025-10-25,mobile banking,625000,pending,4.0
265,45,178,67,14:00,16:00,2,2025-10-29,cash,480000,confirmed,4.0
266,39,146,190,08:00,14:00,6,2025-11-11,cash,600000,confirmed,4.0
267,37,140,21,17:00,20:00,3,2025-10-08,cash,375000,confirmed,3.0
268,37,141,406,15:00,18:00,3,2025-09-04,cash,375000,confirmed,5.0
269,18,67,94,12:00,15:00,3,2025-09-28,mobile banking,555000,confirmed,5.0
270,16,59,294,12:00,13:00,1,2025-11-01,mobile banking,180000,confirmed,3.0
271,42,165,391,14:00,20:00,6,2025-09-17,cash,960000,confirmed,4.0
272,42,165,410,15:00,17:00,2,2025-09-12,mobile banking,320000,confirmed,4.0
273,44,174,377,17:00,18:00,1,2025-10-27,mobile banking,80000,confirmed,2.0
274,47,186,331,10:00,16:00,6,2025-11-11,cash,1110000,confirmed,1.0
275,26,100,385,13:00,18:00,5,2025-09-25,mobile banking,1100000,confirmed,1.0
276,26,101,126,09:00,10:00,1,2025-09-27,mobile banking,220000,confirmed,5.0
277,41,159,252,15:00,19:00,4,2025-09-06,cash,220000,confirmed,2.0
278,35,129,132,11:00,16:00,5,2025-10-19,cash,450000,confirmed,1.0
279,37,140,131,10:00,13:00,3,2025-09-24,cash,375000,confirmed,4.0
280,41,154,14,11:00,16:00,5,2025-09-24,cash,275000,confirmed,1.0
281,46,179,193,12:00,16:00,4,2025-10-04,cash,740000,confirmed,2.0
282,18,71,386,15:00,17:00,2,2025-11-05,mobile banking,370000,cancelled,3.0
283,19,75,34,14:00,18:00,4,2025-10-23,mobile banking,940000,confirmed,2.0
284,6,20,127,14:00,19:00,5,2025-09-13,cash,275000,confirmed,4.0
285,31,116,401,15:00,21:00,6,2025-09-27,cash,780000,confirmed,2.0
286,3,9,22,14:00,18:00,4,2025-10-28,cash,800000,pending,null
287,25,95,140,08:00,09:00,1,2025-11-01,mobile banking,150000,pending,4.0
288,29,109,289,11:00,12:00,1,2025-11-08,cash,85000,confirmed,4.0
289,15,54,450,13:00,19:00,6,2025-10-06,mobile banking,1320000,confirmed,5.0
290,32,119,140,11:00,17:00,6,2025-10-28,cash,300000,confirmed,3.0
291,3,7,9,15:00,19:00,4,2025-10-13,cash,800000,confirmed,1.0
292,3,8,345,20:00,21:00,1,2025-09-02,cash,200000,confirmed,4.0
293,42,166,16,07:00,08:00,1,2025-11-08,mobile banking,160000,confirmed,3.0
294,19,75,64,08:00,12:00,4,2025-09-02,mobile banking,940000,confirmed,2.0
295,8,25,389,18:00,20:00,2,2025-09-03,mobile banking,420000,confirmed,3.0
296,28,105,120,11:00,16:00,5,2025-09-29,mobile banking,1125000,cancelled,1.0
297,41,161,4,15:00,21:00,6,2025-09-27,cash,330000,cancelled,4.0
298,12,45,88,13:00,18:00,5,2025-11-03,cash,875000,confirmed,5.0
299,33,125,66,08:00,10:00,2,2025-11-15,cash,380000,confirmed,5.0
300,6,20,315,05:00,07:00,2,2025-11-08,mobile banking,110000,confirmed,4.0
301,4,11,222,08:00,14:00,6,2025-10-12,mobile banking,1320000,confirmed,5.0
302,28,108,453,15:00,18:00,3,2025-09-06,cash,675000,confirmed,4.0
303,29,109,100,06:00,09:00,3,2025-10-21,mobile banking,255000,confirmed,5.0
304,34,128,491,16:00,18:00,2,2025-10-25,cash,440000,cancelled,2.0
305,39,148,15,07:00,10:00,3,2025-09-13,mobile banking,300000,confirmed,1.0
306,50,200,56,12:00,15:00,3,2025-10-02,mobile banking,735000,confirmed,3.0
307,27,104,398,10:00,15:00,5,2025-09-10,mobile banking,625000,pending,null
308,17,62,161,08:00,09:00,1,2025-10-19,cash,100000,pending,1.0
309,41,154,34,15:00,18:00,3,2025-10-26,cash,165000,confirmed,5.0
310,15,55,317,11:00,15:00,4,2025-09-13,mobile banking,880000,confirmed,5.0
311,24,88,408,13:00,17:00,4,2025-10-30,mobile banking,520000,cancelled,5.0
312,5,15,233,17:00,23:00,6,2025-09-04,mobile banking,1290000,confirmed,1.0
313,2,5,405,06:00,11:00,5,2025-11-15,cash,1025000,cancelled,2.0
314,49,192,372,14:00,17:00,3,2025-11-01,mobile banking,675000,confirmed,2.0
315,43,167,224,11:00,13:00,2,2025-11-14,mobile banking,170000,confirmed,5.0
316,37,140,176,12:00,16:00,4,2025-11-17,mobile banking,500000,confirmed,1.0
317,21,83,122,08:00,14:00,6,2025-09-08,cash,1440000,confirmed,2.0
318,10,34,342,13:00,14:00,1,2025-09-25,mobile banking,80000,confirmed,4.0
319,9,32,494,15:00,18:00,3,2025-11-12,mobile banking,690000,confirmed,4.0
320,14,50,254,21:00,22:00,1,2025-09-06,cash,125000,cancelled,2.0
321,30,113,247,10:00,15:00,5,2025-10-01,mobile banking,1200000,pending,null
322,38,143,38,13:00,14:00,1,2025-09-02,mobile banking,105000,confirmed,1.0
323,35,131,468,09:00,13:00,4,2025-11-14,mobile banking,360000,confirmed,1.0
324,15,54,454,07:00,10:00,3,2025-09-29,mobile banking,660000,pending,3.0
325,49,191,432,08:00,10:00,2,2025-09-23,mobile banking,450000,cancelled,1.0
326,39,149,480,07:00,13:00,6,2025-10-14,cash,600000,confirmed,2.0
327,30,112,410,09:00,15:00,6,2025-11-07,mobile banking,1440000,cancelled,1.0
328,33,122,99,19:00,21:00,2,2025-09-25,mobile banking,380000,confirmed,3.0
329,22,84,97,17:00,18:00,1,2025-11-15,mobile banking,230000,pending,null
330,14,51,496,20:00,22:00,2,2025-11-05,mobile banking,250000,confirmed,1.0
331,18,72,261,09:00,14:00,5,2025-09-22,mobile banking,925000,pending,null
332,40,153,270,13:00,15:00,2,2025-10-18,mobile banking,220000,pending,null
333,1,4,107,14:00,20:00,6,2025-09-05,cash,870000,cancelled,4.0
334,7,23,456,09:00,11:00,2,2025-10-25,mobile banking,240000,confirmed,3.0
335,4,12,152,10:00,11:00,1,2025-09-11,mobile banking,220000,confirmed,2.0
336,3,7,219,14:00,18:00,4,2025-10-14,mobile banking,800000,confirmed,4.0
337,44,173,13,11:00,14:00,3,2025-10-19,cash,240000,confirmed,3.0
338,37,141,263,12:00,13:00,1,2025-11-04,cash,125000,pending,null
339,25,94,103,07:00,10:00,3,2025-11-09,mobile banking,450000,confirmed,3.0
340,6,20,98,15:00,21:00,6,2025-10-06,cash,330000,cancelled,5.0
341,25,94,401,11:00,14:00,3,2025-10-15,mobile banking,450000,cancelled,5.0
342,25,97,444,15:00,21:00,6,2025-09-20,mobile banking,900000,confirmed,2.0
343,10,34,370,16:00,21:00,5,2025-10-30,mobile banking,400000,confirmed,1.0
344,23,86,108,17:00,21:00,4,2025-10-24,mobile banking,940000,confirmed,5.0
345,21,81,157,15:00,17:00,2,2025-09-17,cash,480000,confirmed,3.0
346,33,122,391,13:00,17:00,4,2025-10-22,mobile banking,760000,confirmed,1.0
347,34,126,291,07:00,09:00,2,2025-10-13,mobile banking,440000,cancelled,2.0
348,4,10,244,14:00,19:00,5,2025-09-25,cash,1100000,confirmed,4.0
349,19,73,91,07:00,09:00,2,2025-11-10,cash,470000,pending,null
350,34,126,146,06:00,08:00,2,2025-10-20,cash,440000,confirmed,5.0
351,26,103,6,10:00,11:00,1,2025-11-06,cash,220000,confirmed,4.0
352,44,171,215,09:00,10:00,1,2025-11-08,mobile banking,80000,pending,4.0
353,35,130,419,15:00,17:00,2,2025-10-26,mobile banking,180000,confirmed,5.0
354,10,34,104,15:00,20:00,5,2025-10-06,cash,400000,cancelled,4.0
355,5,16,169,10:00,15:00,5,2025-11-07,mobile banking,1075000,confirmed,5.0
356,35,134,178,15:00,16:00,1,2025-10-29,mobile banking,90000,confirmed,2.0
357,2,5,235,14:00,16:00,2,2025-10-26,mobile banking,410000,cancelled,2.0
358,32,117,454,07:00,11:00,4,2025-10-01,cash,200000,confirmed,5.0
359,48,189,466,18:00,19:00,1,2025-09-28,mobile banking,145000,confirmed,5.0
360,31,116,393,10:00,11:00,1,2025-11-04,mobile banking,130000,confirmed,2.0
361,20,77,14,05:00,10:00,5,2025-10-30,cash,1050000,confirmed,4.0
362,35,131,204,12:00,18:00,6,2025-09-25,cash,540000,confirmed,1.0
363,24,90,237,14:00,20:00,6,2025-11-02,cash,780000,confirmed,2.0
364,30,111,88,11:00,15:00,4,2025-09-21,cash,960000,confirmed,2.0
365,48,187,40,13:00,18:00,5,2025-09-22,cash,725000,confirmed,2.0
366,20,78,458,11:00,13:00,2,2025-09-05,cash,420000,confirmed,1.0
367,49,190,27,12:00,16:00,4,2025-10-27,cash,900000,confirmed,4.0
368,47,183,47,09:00,12:00,3,2025-09-26,cash,555000,confirmed,1.0
369,11,43,113,18:00,20:00,2,2025-09-09,cash,390000,pending,2.0
370,5,16,166,08:00,13:00,5,2025-10-12,cash,1075000,confirmed,5.0
371,6,21,55,12:00,13:00,1,2025-09-28,mobile banking,55000,confirmed,1.0
372,1,3,235,17:00,18:00,1,2025-09-28,cash,145000,confirmed,3.0
373,6,18,155,11:00,12:00,1,2025-10-23,mobile banking,55000,cancelled,1.0
374,36,139,308,13:00,15:00,2,2025-09-13,mobile banking,230000,cancelled,4.0
375,5,15,436,17:00,19:00,2,2025-10-11,mobile banking,430000,confirmed,1.0
376,17,66,328,14:00,18:00,4,2025-11-05,cash,400000,confirmed,1.0
377,43,167,122,08:00,13:00,5,2025-10-10,mobile banking,425000,pending,null
378,2,5,104,12:00,15:00,3,2025-10-08,cash,615000,confirmed,1.0
379,42,166,69,16:00,20:00,4,2025-10-13,mobile banking,640000,confirmed,1.0
380,15,56,118,09:00,15:00,6,2025-09-04,mobile banking,1320000,confirmed,2.0
381,7,22,312,08:00,14:00,6,2025-09-29,mobile banking,720000,confirmed,2.0
382,37,142,36,09:00,10:00,1,2025-11-02,cash,125000,confirmed,2.0
383,34,126,282,10:00,11:00,1,2025-11-15,cash,220000,confirmed,1.0
384,45,178,370,11:00,15:00,4,2025-09-22,cash,960000,confirmed,2.0
385,39,147,230,10:00,13:00,3,2025-11-13,cash,300000,confirmed,4.0
386,41,159,242,12:00,16:00,4,2025-09-22,mobile banking,220000,confirmed,5.0
387,15,54,219,05:00,09:00,4,2025-10-19,cash,880000,pending,null
388,10,34,195,10:00,15:00,5,2025-10-03,mobile banking,400000,confirmed,3.0
389,39,150,171,13:00,18:00,5,2025-09-10,cash,500000,pending,null
390,42,163,374,05:00,06:00,1,2025-11-04,mobile banking,160000,confirmed,4.0
391,50,200,158,14:00,17:00,3,2025-11-02,cash,735000,confirmed,1.0
392,21,82,391,08:00,13:00,5,2025-09-25,mobile banking,1200000,cancelled,3.0
393,19,75,475,06:00,12:00,6,2025-10-20,mobile banking,1410000,pending,null
394,41,159,134,06:00,12:00,6,2025-09-19,mobile banking,330000,cancelled,2.0
395,18,68,7,17:00,22:00,5,2025-09-21,cash,925000,pending,null
396,48,189,449,15:00,16:00,1,2025-09-25,mobile banking,145000,confirmed,4.0
397,44,175,338,15:00,18:00,3,2025-11-08,mobile banking,240000,confirmed,4.0
398,23,86,417,14:00,20:00,6,2025-10-15,cash,1410000,confirmed,2.0
399,39,151,418,06:00,09:00,3,2025-09-22,mobile banking,300000,confirmed,1.0
400,39,150,376,16:00,20:00,4,2025-10-07,mobile banking,400000,confirmed,3.0
401,6,19,258,20:00,22:00,2,2025-09-24,cash,110000,confirmed,2.0
402,46,179,415,18:00,19:00,1,2025-09-24,cash,185000,confirmed,4.0
403,26,100,151,07:00,13:00,6,2025-09-11,cash,1320000,confirmed,3.0
404,42,164,249,12:00,13:00,1,2025-11-01,cash,160000,confirmed,3.0
405,17,66,268,09:00,10:00,1,2025-09-28,cash,100000,confirmed,5.0
406,46,180,220,12:00,16:00,4,2025-11-17,mobile banking,740000,confirmed,3.0
407,20,77,313,17:00,20:00,3,2025-10-19,cash,630000,cancelled,3.0
408,1,1,372,18:00,22:00,4,2025-10-22,cash,580000,confirmed,1.0
409,47,184,232,09:00,15:00,6,2025-10-18,mobile banking,1110000,confirmed,2.0
410,6,20,497,16:00,17:00,1,2025-09-06,mobile banking,55000,confirmed,2.0
411,17,65,220,09:00,13:00,4,2025-10-15,mobile banking,400000,cancelled,1.0
412,49,192,446,11:00,16:00,5,2025-09-19,cash,1125000,confirmed,1.0
413,49,194,489,10:00,14:00,4,2025-10-28,cash,900000,confirmed,5.0
414,30,111,55,09:00,11:00,2,2025-09-12,mobile banking,480000,cancelled,1.0
415,34,127,113,17:00,21:00,4,2025-10-06,mobile banking,880000,confirmed,1.0
416,24,92,408,14:00,20:00,6,2025-09-12,mobile banking,780000,cancelled,5.0
417,16,59,467,11:00,17:00,6,2025-10-19,mobile banking,1080000,confirmed,5.0
418,17,63,149,12:00,14:00,2,2025-09-15,cash,200000,confirmed,3.0
419,36,135,437,10:00,15:00,5,2025-09-17,mobile banking,575000,cancelled,5.0
420,39,148,217,12:00,13:00,1,2025-10-20,mobile banking,100000,pending,null
421,41,157,276,12:00,13:00,1,2025-09-02,mobile banking,55000,confirmed,3.0
422,41,161,308,13:00,19:00,6,2025-09-19,mobile banking,330000,confirmed,1.0
423,6,20,141,13:00,16:00,3,2025-09-16,mobile banking,165000,confirmed,2.0
424,25,96,415,13:00,19:00,6,2025-09-08,mobile banking,900000,confirmed,2.0
425,4,12,439,08:00,14:00,6,2025-09-23,mobile banking,1320000,pending,3.0
426,30,110,217,13:00,18:00,5,2025-10-14,mobile banking,1200000,cancelled,4.0
427,24,88,357,11:00,16:00,5,2025-10-07,cash,650000,pending,null
428,45,176,444,19:00,22:00,3,2025-11-14,cash,720000,pending,null
429,18,68,357,10:00,15:00,5,2025-10-27,mobile banking,925000,confirmed,2.0
430,7,22,186,08:00,14:00,6,2025-09-02,cash,720000,confirmed,2.0
431,8,28,50,09:00,15:00,6,2025-09-08,mobile banking,1260000,cancelled,2.0
432,40,152,223,13:00,18:00,5,2025-11-15,cash,550000,confirmed,4.0
433,33,121,251,10:00,11:00,1,2025-10-21,mobile banking,190000,confirmed,2.0
434,6,18,141,18:00,22:00,4,2025-10-19,mobile banking,220000,confirmed,1.0
435,5,13,116,22:00,23:00,1,2025-11-05,cash,215000,confirmed,5.0
436,37,141,93,09:00,15:00,6,2025-11-15,mobile banking,750000,confirmed,4.0
437,5,17,33,08:00,10:00,2,2025-10-12,cash,430000,confirmed,1.0
438,42,166,251,17:00,22:00,5,2025-11-07,cash,800000,confirmed,5.0
439,37,142,495,09:00,15:00,6,2025-09-27,cash,750000,confirmed,5.0
440,5,13,63,14:00,19:00,5,2025-10-11,cash,1075000,confirmed,2.0
441,5,13,44,11:00,16:00,5,2025-09-05,cash,1075000,confirmed,3.0
442,50,198,154,08:00,14:00,6,2025-10-02,cash,1470000,cancelled,5.0
443,19,76,356,15:00,17:00,2,2025-11-02,mobile banking,470000,confirmed,3.0
444,19,73,19,06:00,12:00,6,2025-10-01,cash,1410000,confirmed,2.0
445,42,166,184,08:00,13:00,5,2025-11-15,mobile banking,800000,confirmed,5.0
446,49,190,196,12:00,17:00,5,2025-10-04,cash,1125000,confirmed,1.0
447,50,200,105,10:00,14:00,4,2025-11-08,cash,980000,confirmed,3.0
448,39,151,310,15:00,18:00,3,2025-11-05,cash,300000,confirmed,2.0
449,19,76,127,06:00,10:00,4,2025-11-17,cash,940000,confirmed,5.0
450,5,17,328,08:00,12:00,4,2025-10-13,cash,860000,confirmed,3.0
451,41,156,51,10:00,12:00,2,2025-09-02,mobile banking,110000,cancelled,2.0
452,30,110,373,09:00,10:00,1,2025-11-07,mobile banking,240000,confirmed,4.0
453,22,85,283,12:00,18:00,6,2025-10-07,mobile banking,1380000,confirmed,1.0
454,47,184,413,08:00,12:00,4,2025-10-15,mobile banking,740000,confirmed,2.0
455,7,22,337,13:00,19:00,6,2025-09-20,cash,720000,confirmed,5.0
456,25,94,363,17:00,23:00,6,2025-10-18,cash,900000,confirmed,4.0
457,1,2,258,10:00,14:00,4,2025-10-30,mobile banking,580000,confirmed,4.0
458,25,99,486,11:00,13:00,2,2025-09-12,mobile banking,300000,confirmed,3.0
459,4,12,484,09:00,10:00,1,2025-10-01,cash,220000,confirmed,1.0
460,7,24,414,13:00,16:00,3,2025-11-03,cash,360000,cancelled,4.0
461,7,24,264,12:00,14:00,2,2025-11-03,cash,240000,confirmed,5.0
462,35,134,384,19:00,20:00,1,2025-11-08,mobile banking,90000,confirmed,5.0
463,39,146,346,13:00,18:00,5,2025-09-22,cash,500000,confirmed,3.0
464,32,119,195,13:00,14:00,1,2025-11-03,cash,50000,confirmed,1.0
465,49,191,154,09:00,14:00,5,2025-10-08,mobile banking,1125000,confirmed,2.0
466,19,76,423,10:00,12:00,2,2025-11-05,cash,470000,cancelled,5.0
467,15,53,236,05:00,08:00,3,2025-11-18,mobile banking,660000,confirmed,1.0
468,44,172,182,09:00,15:00,6,2025-10-22,cash,480000,confirmed,4.0
469,12,44,211,13:00,18:00,5,2025-09-20,cash,875000,cancelled,1.0
470,49,192,192,15:00,17:00,2,2025-10-21,mobile banking,450000,confirmed,2.0
471,1,3,83,19:00,20:00,1,2025-10-27,cash,145000,confirmed,4.0
472,49,192,98,11:00,17:00,6,2025-09-15,mobile banking,1350000,confirmed,4.0
473,3,9,342,06:00,09:00,3,2025-09-21,cash,600000,cancelled,3.0
474,46,180,410,15:00,19:00,4,2025-11-03,cash,740000,confirmed,4.0
475,28,108,406,08:00,10:00,2,2025-09-14,cash,450000,confirmed,3.0
476,50,200,220,08:00,10:00,2,2025-10-14,cash,490000,confirmed,3.0
477,5,16,317,20:00,21:00,1,2025-10-02,cash,215000,pending,null
478,30,110,342,18:00,21:00,3,2025-10-02,mobile banking,720000,confirmed,1.0
479,49,194,323,11:00,13:00,2,2025-11-15,cash,450000,confirmed,2.0
480,28,105,219,10:00,13:00,3,2025-09-19,cash,675000,confirmed,1.0
481,34,127,359,13:00,17:00,4,2025-10-10,cash,880000,confirmed,4.0
482,37,140,156,14:00,19:00,5,2025-09-07,cash,625000,confirmed,3.0
483,24,93,459,10:00,14:00,4,2025-10-11,cash,520000,confirmed,1.0
484,34,128,147,10:00,16:00,6,2025-09-28,mobile banking,1320000,confirmed,5.0
485,32,120,187,11:00,13:00,2,2025-11-02,mobile banking,100000,confirmed,1.0
486,46,181,185,09:00,14:00,5,2025-10-13,mobile banking,925000,pending,null
487,4,11,108,18:00,20:00,2,2025-10-06,mobile banking,440000,confirmed,1.0
488,15,58,22,14:00,20:00,6,2025-09-16,cash,1320000,confirmed,4.0
489,49,190,155,17:00,22:00,5,2025-10-14,mobile banking,1125000,cancelled,2.0
490,46,181,99,07:00,09:00,2,2025-09-17,mobile banking,370000,confirmed,3.0
491,24,90,467,17:00,21:00,4,2025-09-16,mobile banking,520000,confirmed,4.0
492,33,125,141,09:00,10:00,1,2025-11-16,cash,190000,confirmed,5.0
493,15,58,254,16:00,18:00,2,2025-10-21,cash,440000,confirmed,5.0
494,11,41,140,14:00,18:00,4,2025-11-17,cash,780000,confirmed,2.0
495,24,89,234,07:00,12:00,5,2025-11-05,mobile banking,650000,confirmed,2.0
496,18,72,88,16:00,19:00,3,2025-09-16,cash,555000,confirmed,2.0
497,32,117,475,09:00,15:00,6,2025-10-06,cash,300000,confirmed,1.0
498,5,14,333,08:00,13:00,5,2025-09-01,mobile banking,1075000,confirmed,3.0
499,50,195,210,12:00,18:00,6,2025-09-18,mobile banking,1470000,confirmed,1.0
500,50,197,91,19:00,21:00,2,2025-10-06,mobile banking,490000,cancelled,5.0
501,37,140,446,14:00,20:00,6,2025-10-03,cash,750000,pending,null
502,28,106,229,13:00,18:00,5,2025-09-20,cash,1125000,pending,null
503,17,65,236,15:00,16:00,1,2025-09-24,cash,100000,pending,null
504,42,165,11,07:00,13:00,6,2025-10-07,mobile banking,960000,confirmed,2.0
505,36,139,37,07:00,09:00,2,2025-09-19,mobile banking,230000,confirmed,4.0
506,10,34,52,08:00,14:00,6,2025-11-17,mobile banking,480000,confirmed,1.0
507,47,182,138,09:00,11:00,2,2025-09-11,cash,370000,cancelled,5.0
508,42,162,104,15:00,16:00,1,2025-09-11,cash,160000,confirmed,5.0
509,49,191,80,13:00,16:00,3,2025-11-01,cash,675000,confirmed,3.0
510,39,146,152,09:00,10:00,1,2025-11-09,cash,100000,confirmed,4.0
511,33,121,219,07:00,09:00,2,2025-09-30,mobile banking,380000,confirmed,3.0
512,22,85,252,13:00,19:00,6,2025-09-15,cash,1380000,cancelled,2.0
513,48,188,171,08:00,11:00,3,2025-11-18,cash,435000,confirmed,1.0
514,44,174,272,09:00,11:00,2,2025-10-25,mobile banking,160000,confirmed,4.0
515,4,12,179,12:00,18:00,6,2025-10-07,cash,1320000,confirmed,4.0
516,2,6,442,06:00,12:00,6,2025-09-01,cash,1230000,pending,null
517,19,76,58,13:00,17:00,4,2025-09-09,mobile banking,940000,cancelled,3.0
518,42,162,393,07:00,10:00,3,2025-09-24,mobile banking,480000,confirmed,4.0
519,50,198,407,14:00,20:00,6,2025-11-17,mobile banking,1470000,confirmed,2.0
520,9,31,274,13:00,18:00,5,2025-11-08,mobile banking,1150000,confirmed,2.0
521,32,117,296,13:00,18:00,5,2025-11-07,cash,250000,pending,null
522,20,77,243,16:00,17:00,1,2025-11-11,cash,210000,cancelled,1.0
523,49,192,74,12:00,14:00,2,2025-10-29,mobile banking,450000,confirmed,2.0
524,43,169,194,08:00,10:00,2,2025-09-19,cash,170000,confirmed,4.0
525,43,167,38,08:00,14:00,6,2025-11-14,mobile banking,510000,pending,null
526,25,96,40,08:00,10:00,2,2025-10-02,cash,300000,confirmed,4.0
527,21,80,358,08:00,12:00,4,2025-11-07,mobile banking,960000,confirmed,3.0
528,15,58,57,05:00,11:00,6,2025-10-07,cash,1320000,confirmed,1.0
529,4,10,203,10:00,15:00,5,2025-09-02,mobile banking,1100000,confirmed,4.0
530,44,175,157,16:00,19:00,3,2025-11-04,cash,240000,confirmed,2.0
531,42,162,381,11:00,16:00,5,2025-09-17,cash,800000,confirmed,1.0
532,50,198,310,19:00,21:00,2,2025-11-11,cash,490000,pending,null
533,50,200,85,14:00,20:00,6,2025-10-19,cash,1470000,pending,null
534,30,110,309,08:00,09:00,1,2025-10-17,mobile banking,240000,confirmed,3.0
535,41,155,6,09:00,10:00,1,2025-11-16,mobile banking,55000,confirmed,2.0
536,48,187,290,08:00,11:00,3,2025-11-12,cash,435000,confirmed,4.0
537,44,170,5,08:00,11:00,3,2025-10-10,mobile banking,240000,pending,null
538,14,51,499,18:00,22:00,4,2025-10-16,cash,500000,pending,null
539,24,93,414,08:00,13:00,5,2025-11-04,cash,650000,confirmed,4.0
540,8,29,78,11:00,12:00,1,2025-09-21,mobile banking,210000,confirmed,1.0
541,49,191,494,10:00,16:00,6,2025-09-21,mobile banking,1350000,confirmed,2.0
542,33,123,21,16:00,19:00,3,2025-10-26,mobile banking,570000,confirmed,5.0
543,13,46,50,15:00,17:00,2,2025-11-03,cash,220000,confirmed,3.0
544,36,138,87,19:00,20:00,1,2025-10-11,mobile banking,115000,confirmed,3.0
545,33,123,364,08:00,09:00,1,2025-09-23,mobile banking,190000,confirmed,4.0
546,18,70,498,10:00,16:00,6,2025-09-16,mobile banking,1110000,confirmed,3.0
547,7,23,226,15:00,20:00,5,2025-09-17,mobile banking,600000,confirmed,5.0
548,36,137,231,18:00,19:00,1,2025-11-04,mobile banking,115000,cancelled,1.0
549,28,105,5,10:00,16:00,6,2025-11-11,cash,1350000,cancelled,3.0
550,41,156,115,12:00,17:00,5,2025-09-10,mobile banking,275000,cancelled,1.0
551,28,108,56,15:00,19:00,4,2025-10-30,cash,900000,confirmed,1.0
552,44,173,34,13:00,15:00,2,2025-10-13,mobile banking,160000,confirmed,5.0
553,30,111,143,14:00,20:00,6,2025-09-15,mobile banking,1440000,confirmed,2.0
554,30,111,291,10:00,16:00,6,2025-10-11,cash,1440000,cancelled,4.0
555,45,177,28,14:00,18:00,4,2025-09-28,cash,960000,cancelled,4.0
556,21,81,73,08:00,14:00,6,2025-09-11,cash,1440000,confirmed,1.0
557,8,28,343,15:00,19:00,4,2025-09-28,mobile banking,840000,confirmed,1.0
558,2,6,85,17:00,20:00,3,2025-10-09,cash,615000,confirmed,4.0
559,40,153,182,10:00,15:00,5,2025-10-26,mobile banking,550000,pending,5.0
560,33,122,316,18:00,19:00,1,2025-11-14,cash,190000,confirmed,3.0
561,37,140,443,10:00,14:00,4,2025-11-03,mobile banking,500000,confirmed,4.0
562,11,41,483,08:00,14:00,6,2025-10-28,cash,1170000,confirmed,5.0
563,8,25,216,18:00,20:00,2,2025-09-25,cash,420000,confirmed,2.0
564,1,2,417,05:00,07:00,2,2025-10-18,mobile banking,290000,confirmed,3.0
565,18,72,212,18:00,22:00,4,2025-10-29,mobile banking,740000,confirmed,5.0
566,32,119,220,09:00,10:00,1,2025-10-29,mobile banking,50000,confirmed,5.0
567,21,83,433,12:00,16:00,4,2025-10-07,mobile banking,960000,confirmed,5.0
568,24,88,316,08:00,09:00,1,2025-09-03,mobile banking,130000,confirmed,5.0
569,46,179,298,14:00,20:00,6,2025-11-04,cash,1110000,confirmed,4.0
570,18,68,59,16:00,20:00,4,2025-10-19,cash,740000,cancelled,1.0
571,26,103,4,15:00,19:00,4,2025-10-21,mobile banking,880000,pending,null
572,41,158,345,18:00,21:00,3,2025-10-24,cash,165000,confirmed,4.0
573,21,79,431,08:00,09:00,1,2025-10-18,mobile banking,240000,confirmed,5.0
574,33,122,316,13:00,18:00,5,2025-09-25,mobile banking,950000,pending,null
575,44,175,463,09:00,13:00,4,2025-10-22,mobile banking,320000,confirmed,4.0
576,49,190,61,10:00,16:00,6,2025-11-04,mobile banking,1350000,pending,3.0
577,9,31,14,07:00,09:00,2,2025-09-12,mobile banking,460000,confirmed,5.0
578,47,182,472,17:00,22:00,5,2025-11-09,cash,925000,confirmed,1.0
579,25,97,96,17:00,23:00,6,2025-10-16,cash,900000,confirmed,2.0
580,14,50,395,10:00,15:00,5,2025-10-19,mobile banking,625000,confirmed,3.0
581,24,89,444,07:00,13:00,6,2025-11-14,cash,780000,confirmed,5.0
582,50,195,459,12:00,14:00,2,2025-10-04,cash,490000,confirmed,4.0
583,25,95,408,08:00,12:00,4,2025-11-02,cash,600000,confirmed,4.0
584,17,63,456,11:00,17:00,6,2025-10-19,mobile banking,600000,confirmed,4.0
585,34,126,338,05:00,08:00,3,2025-09-23,cash,660000,confirmed,3.0
586,14,52,3,16:00,21:00,5,2025-11-09,cash,625000,confirmed,3.0
587,5,14,12,07:00,12:00,5,2025-11-08,cash,1075000,confirmed,3.0
588,8,26,113,12:00,13:00,1,2025-09-18,cash,210000,pending,null
589,8,28,363,08:00,10:00,2,2025-10-15,mobile banking,420000,confirmed,4.0
590,9,32,89,09:00,13:00,4,2025-10-03,cash,920000,confirmed,3.0
591,8,25,407,11:00,16:00,5,2025-09-22,cash,1050000,cancelled,4.0
592,35,132,418,15:00,19:00,4,2025-10-05,mobile banking,360000,confirmed,5.0
593,11,40,192,17:00,19:00,2,2025-10-16,cash,390000,confirmed,1.0
594,18,69,310,14:00,19:00,5,2025-10-08,mobile banking,925000,confirmed,1.0
595,46,180,126,09:00,13:00,4,2025-10-16,cash,740000,confirmed,3.0
596,25,95,164,08:00,11:00,3,2025-09-02,cash,450000,pending,null
597,35,131,146,08:00,10:00,2,2025-10-20,cash,180000,confirmed,1.0
598,10,35,458,09:00,15:00,6,2025-11-13,mobile banking,480000,confirmed,4.0
599,11,43,26,11:00,14:00,3,2025-09-26,mobile banking,585000,confirmed,3.0
600,3,7,308,13:00,14:00,1,2025-09-22,mobile banking,200000,confirmed,2.0
601,10,33,3,08:00,11:00,3,2025-11-13,mobile banking,240000,confirmed,4.0
602,15,57,331,05:00,10:00,5,2025-10-14,cash,1100000,confirmed,1.0
603,10,35,205,13:00,16:00,3,2025-10-15,cash,240000,confirmed,3.0
604,6,18,253,09:00,13:00,4,2025-10-29,cash,220000,pending,null
605,8,26,54,07:00,08:00,1,2025-09-18,mobile banking,210000,cancelled,4.0
606,24,89,418,10:00,11:00,1,2025-10-18,cash,130000,cancelled,1.0
607,11,43,485,09:00,10:00,1,2025-09-07,mobile banking,195000,confirmed,3.0
608,19,75,299,08:00,14:00,6,2025-09-18,mobile banking,1410000,confirmed,3.0
609,26,103,268,12:00,18:00,6,2025-09-16,cash,1320000,confirmed,4.0
610,36,137,48,12:00,18:00,6,2025-09-29,mobile banking,690000,pending,null
611,3,7,39,09:00,15:00,6,2025-09-10,mobile banking,1200000,confirmed,1.0
612,41,161,54,09:00,13:00,4,2025-11-02,mobile banking,220000,confirmed,5.0
613,34,128,363,17:00,20:00,3,2025-10-10,mobile banking,660000,confirmed,5.0
614,5,14,198,21:00,23:00,2,2025-10-17,mobile banking,430000,cancelled,5.0
615,44,173,217,08:00,10:00,2,2025-10-06,cash,160000,confirmed,5.0
616,47,183,124,07:00,11:00,4,2025-09-15,cash,740000,cancelled,2.0
617,5,13,232,17:00,21:00,4,2025-11-07,mobile banking,860000,confirmed,5.0
618,15,55,204,08:00,12:00,4,2025-09-20,mobile banking,880000,confirmed,1.0
619,42,164,333,06:00,09:00,3,2025-09-07,mobile banking,480000,pending,null
620,39,147,142,08:00,12:00,4,2025-11-16,mobile banking,400000,confirmed,1.0
621,11,42,59,09:00,11:00,2,2025-09-29,cash,390000,cancelled,5.0
622,11,38,142,16:00,17:00,1,2025-09-13,cash,195000,cancelled,4.0
623,19,76,254,09:00,10:00,1,2025-10-05,cash,235000,confirmed,2.0
624,25,99,148,18:00,21:00,3,2025-11-16,cash,450000,confirmed,5.0
625,33,124,88,11:00,17:00,6,2025-10-01,mobile banking,1140000,confirmed,2.0
626,19,75,342,08:00,12:00,4,2025-09-02,mobile banking,940000,confirmed,1.0
627,24,90,305,09:00,10:00,1,2025-09-02,mobile banking,130000,cancelled,5.0
628,39,149,24,13:00,15:00,2,2025-09-15,cash,200000,confirmed,3.0
629,3,9,397,08:00,13:00,5,2025-09-19,cash,1000000,confirmed,3.0
630,14,52,132,12:00,18:00,6,2025-11-09,mobile banking,750000,confirmed,4.0
631,38,144,397,13:00,16:00,3,2025-11-06,mobile banking,315000,confirmed,5.0
632,46,179,183,10:00,14:00,4,2025-09-19,mobile banking,740000,confirmed,5.0
633,26,102,100,16:00,18:00,2,2025-09-12,mobile banking,440000,confirmed,3.0
634,28,106,455,17:00,20:00,3,2025-10-15,mobile banking,675000,confirmed,4.0
635,7,23,267,05:00,07:00,2,2025-11-14,mobile banking,240000,pending,null
636,24,91,57,12:00,17:00,5,2025-10-07,cash,650000,confirmed,2.0
637,28,106,341,11:00,16:00,5,2025-11-11,cash,1125000,confirmed,3.0
638,14,51,112,21:00,22:00,1,2025-09-06,mobile banking,125000,pending,null
639,15,55,339,11:00,12:00,1,2025-10-16,cash,220000,confirmed,2.0
640,19,75,489,14:00,19:00,5,2025-09-20,cash,1175000,pending,2.0
641,2,6,113,06:00,11:00,5,2025-10-08,cash,1025000,confirmed,3.0
642,17,65,458,14:00,18:00,4,2025-09-13,mobile banking,400000,cancelled,5.0
643,11,38,412,14:00,19:00,5,2025-10-12,cash,975000,confirmed,2.0
644,17,63,155,16:00,20:00,4,2025-09-26,mobile banking,400000,confirmed,5.0
645,7,24,50,11:00,13:00,2,2025-10-26,cash,240000,confirmed,3.0
646,46,180,216,13:00,16:00,3,2025-10-30,mobile banking,555000,confirmed,5.0
647,32,120,315,19:00,20:00,1,2025-09-18,mobile banking,50000,pending,null
648,36,136,450,13:00,18:00,5,2025-11-12,mobile banking,575000,confirmed,4.0
649,41,160,414,06:00,12:00,6,2025-10-30,mobile banking,330000,pending,null
650,26,100,421,14:00,17:00,3,2025-09-13,mobile banking,660000,confirmed,3.0
651,6,18,379,14:00,20:00,6,2025-11-05,cash,330000,pending,null
652,28,108,155,10:00,12:00,2,2025-09-20,mobile banking,450000,pending,1.0
653,32,118,79,08:00,09:00,1,2025-09-01,cash,50000,confirmed,2.0
654,39,146,228,06:00,10:00,4,2025-11-04,mobile banking,400000,confirmed,1.0
655,23,87,431,07:00,11:00,4,2025-10-01,mobile banking,940000,pending,4.0
656,8,25,95,09:00,13:00,4,2025-09-03,cash,840000,pending,null
657,15,58,244,13:00,19:00,6,2025-09-26,mobile banking,1320000,confirmed,1.0
658,19,76,201,16:00,19:00,3,2025-10-06,mobile banking,705000,confirmed,1.0
659,35,132,146,08:00,12:00,4,2025-09-04,mobile banking,360000,confirmed,4.0
660,30,114,22,07:00,10:00,3,2025-10-27,mobile banking,720000,cancelled,4.0
661,18,69,257,10:00,11:00,1,2025-10-16,cash,185000,confirmed,5.0
662,50,199,181,10:00,11:00,1,2025-09-20,mobile banking,245000,confirmed,2.0
663,33,123,193,08:00,12:00,4,2025-11-01,mobile banking,760000,confirmed,2.0
664,13,48,133,16:00,21:00,5,2025-11-07,cash,550000,confirmed,5.0
665,6,20,35,14:00,19:00,5,2025-10-22,cash,275000,confirmed,2.0
666,9,30,479,07:00,13:00,6,2025-11-03,mobile banking,1380000,confirmed,2.0
667,14,49,387,18:00,20:00,2,2025-10-20,mobile banking,250000,cancelled,1.0
668,10,35,227,08:00,09:00,1,2025-09-10,mobile banking,80000,confirmed,1.0
669,11,39,194,19:00,20:00,1,2025-10-28,cash,195000,cancelled,5.0
670,15,54,225,09:00,11:00,2,2025-11-02,mobile banking,440000,confirmed,2.0
671,10,34,323,17:00,18:00,1,2025-09-04,cash,80000,confirmed,2.0
672,46,180,443,16:00,20:00,4,2025-11-09,cash,740000,confirmed,5.0
673,5,14,257,16:00,18:00,2,2025-10-31,mobile banking,430000,confirmed,5.0
674,28,105,448,13:00,17:00,4,2025-10-19,cash,900000,confirmed,2.0
675,21,81,119,07:00,08:00,1,2025-11-03,cash,240000,confirmed,3.0
676,50,196,361,12:00,15:00,3,2025-10-20,mobile banking,735000,confirmed,2.0
677,7,22,437,14:00,19:00,5,2025-10-01,mobile banking,600000,confirmed,1.0
678,21,79,335,13:00,18:00,5,2025-10-04,cash,1200000,confirmed,4.0
679,49,191,105,08:00,11:00,3,2025-09-18,mobile banking,675000,cancelled,1.0
680,44,173,464,19:00,20:00,1,2025-11-12,cash,80000,confirmed,1.0
681,42,166,455,14:00,20:00,6,2025-09-11,mobile banking,960000,cancelled,3.0
682,14,49,116,22:00,23:00,1,2025-11-04,mobile banking,125000,confirmed,3.0
683,10,33,274,08:00,09:00,1,2025-09-26,mobile banking,80000,confirmed,1.0
684,35,132,357,18:00,19:00,1,2025-10-19,cash,90000,confirmed,4.0
685,47,183,460,20:00,21:00,1,2025-09-16,mobile banking,185000,confirmed,3.0
686,30,110,302,10:00,12:00,2,2025-09-12,cash,480000,confirmed,5.0
687,30,110,417,20:00,21:00,1,2025-10-02,cash,240000,confirmed,2.0
688,15,54,180,05:00,08:00,3,2025-10-11,cash,660000,cancelled,2.0
689,41,160,337,16:00,20:00,4,2025-09-16,cash,220000,confirmed,5.0
690,11,40,228,13:00,19:00,6,2025-09-29,mobile banking,1170000,cancelled,5.0
691,17,63,358,12:00,17:00,5,2025-10-11,cash,500000,confirmed,4.0
692,23,87,467,07:00,10:00,3,2025-09-27,cash,705000,pending,null
693,26,101,19,10:00,11:00,1,2025-09-19,cash,220000,confirmed,4.0
694,14,49,143,07:00,11:00,4,2025-10-05,mobile banking,500000,confirmed,1.0
695,7,23,10,11:00,16:00,5,2025-11-03,mobile banking,600000,confirmed,1.0
696,33,122,273,09:00,13:00,4,2025-10-26,cash,760000,confirmed,1.0
697,15,55,387,19:00,20:00,1,2025-11-17,mobile banking,220000,cancelled,3.0
698,32,117,444,16:00,19:00,3,2025-10-26,mobile banking,150000,pending,1.0
699,9,31,238,10:00,16:00,6,2025-11-08,mobile banking,1380000,confirmed,5.0
700,25,96,382,13:00,15:00,2,2025-10-30,cash,300000,confirmed,1.0
701,28,107,152,10:00,11:00,1,2025-11-09,mobile banking,225000,confirmed,1.0
702,4,11,401,12:00,15:00,3,2025-10-03,cash,660000,confirmed,5.0
703,18,69,9,15:00,17:00,2,2025-10-30,mobile banking,370000,confirmed,1.0
704,8,28,30,10:00,16:00,6,2025-10-23,cash,1260000,confirmed,5.0
705,5,15,133,21:00,22:00,1,2025-09-24,mobile banking,215000,confirmed,4.0
706,50,196,447,10:00,16:00,6,2025-09-19,cash,1470000,confirmed,1.0
707,17,66,284,13:00,17:00,4,2025-09-06,cash,400000,confirmed,3.0
708,42,162,368,10:00,16:00,6,2025-11-09,cash,960000,confirmed,3.0
709,14,49,262,14:00,19:00,5,2025-09-15,cash,625000,confirmed,3.0
710,36,138,74,18:00,19:00,1,2025-10-07,cash,115000,confirmed,3.0
711,40,153,483,13:00,19:00,6,2025-10-31,mobile banking,660000,confirmed,2.0
712,32,117,14,09:00,12:00,3,2025-11-15,cash,150000,confirmed,3.0
713,25,95,337,16:00,20:00,4,2025-09-05,cash,600000,confirmed,1.0
714,21,80,323,14:00,19:00,5,2025-11-13,mobile banking,1200000,confirmed,1.0
715,18,67,267,15:00,20:00,5,2025-11-07,mobile banking,925000,confirmed,2.0
716,47,184,410,11:00,13:00,2,2025-10-02,mobile banking,370000,confirmed,3.0
717,43,169,186,14:00,16:00,2,2025-10-23,cash,170000,confirmed,5.0
718,49,192,118,15:00,21:00,6,2025-11-17,mobile banking,1350000,pending,null
719,8,26,346,10:00,15:00,5,2025-10-23,cash,1050000,confirmed,3.0
720,39,148,216,08:00,09:00,1,2025-10-23,cash,100000,confirmed,2.0
721,48,188,215,09:00,10:00,1,2025-09-16,mobile banking,145000,pending,4.0
722,11,43,13,21:00,22:00,1,2025-10-26,cash,195000,cancelled,2.0
723,5,17,66,13:00,17:00,4,2025-10-16,mobile banking,860000,confirmed,2.0
724,39,146,303,19:00,22:00,3,2025-10-14,cash,300000,cancelled,1.0
725,30,115,323,14:00,17:00,3,2025-10-23,mobile banking,720000,pending,null
726,43,168,371,09:00,15:00,6,2025-09-24,cash,510000,confirmed,1.0
727,8,29,195,17:00,20:00,3,2025-10-29,mobile banking,630000,confirmed,5.0
728,41,158,253,09:00,10:00,1,2025-10-09,mobile banking,55000,confirmed,5.0
729,11,41,166,14:00,19:00,5,2025-10-07,mobile banking,975000,confirmed,2.0
730,10,33,266,11:00,17:00,6,2025-10-26,mobile banking,480000,confirmed,5.0
731,10,33,61,12:00,15:00,3,2025-09-22,mobile banking,240000,confirmed,4.0
732,42,163,311,19:00,22:00,3,2025-10-04,cash,480000,cancelled,3.0
733,35,129,307,11:00,13:00,2,2025-09-04,cash,180000,cancelled,5.0
734,28,106,190,14:00,15:00,1,2025-09-04,cash,225000,confirmed,5.0
735,18,72,426,16:00,20:00,4,2025-09-17,mobile banking,740000,confirmed,1.0
736,45,177,45,14:00,18:00,4,2025-10-04,cash,960000,cancelled,1.0
737,21,79,168,09:00,15:00,6,2025-09-10,cash,1440000,confirmed,3.0
738,42,166,457,06:00,12:00,6,2025-10-11,cash,960000,confirmed,5.0
739,24,89,126,07:00,12:00,5,2025-09-02,cash,650000,confirmed,2.0
740,19,75,417,08:00,12:00,4,2025-11-02,cash,940000,pending,null
741,24,93,2,15:00,16:00,1,2025-09-28,mobile banking,130000,confirmed,5.0
742,16,59,215,08:00,14:00,6,2025-09-05,mobile banking,1080000,confirmed,5.0
743,39,151,337,13:00,16:00,3,2025-11-07,cash,300000,cancelled,2.0
744,26,103,307,15:00,19:00,4,2025-10-21,mobile banking,880000,confirmed,3.0
745,13,46,215,20:00,21:00,1,2025-10-07,mobile banking,110000,confirmed,4.0
746,46,179,178,12:00,16:00,4,2025-09-15,mobile banking,740000,pending,4.0
747,20,78,149,08:00,14:00,6,2025-09-04,mobile banking,1260000,confirmed,4.0
748,29,109,211,16:00,19:00,3,2025-10-11,mobile banking,255000,pending,null
749,47,182,174,13:00,16:00,3,2025-09-29,cash,555000,confirmed,4.0
750,33,125,400,15:00,17:00,2,2025-09-27,cash,380000,cancelled,5.0
751,7,23,11,14:00,16:00,2,2025-11-09,cash,240000,pending,1.0
752,48,188,266,08:00,13:00,5,2025-09-07,cash,725000,confirmed,2.0
753,34,128,149,16:00,20:00,4,2025-09-30,cash,880000,cancelled,3.0
754,18,68,19,11:00,16:00,5,2025-09-02,cash,925000,pending,null
755,8,28,145,07:00,11:00,4,2025-09-21,mobile banking,840000,confirmed,2.0
756,41,158,336,07:00,13:00,6,2025-10-19,mobile banking,330000,confirmed,3.0
757,33,121,11,15:00,16:00,1,2025-10-24,cash,190000,pending,5.0
758,28,105,426,13:00,19:00,6,2025-09-25,mobile banking,1350000,pending,null
759,46,179,104,11:00,14:00,3,2025-10-29,cash,555000,confirmed,5.0
760,41,160,114,12:00,15:00,3,2025-09-12,mobile banking,165000,confirmed,4.0
761,9,32,196,14:00,19:00,5,2025-10-02,cash,1150000,cancelled,4.0
762,17,66,115,08:00,14:00,6,2025-10-28,cash,600000,confirmed,2.0
763,14,51,330,16:00,20:00,4,2025-09-14,mobile banking,500000,confirmed,1.0
764,39,150,304,09:00,11:00,2,2025-11-02,cash,200000,confirmed,4.0
765,3,8,31,15:00,20:00,5,2025-09-30,mobile banking,1000000,confirmed,3.0
766,30,111,307,12:00,13:00,1,2025-11-12,mobile banking,240000,cancelled,3.0
767,40,153,492,15:00,20:00,5,2025-10-11,cash,550000,confirmed,4.0
768,45,178,218,08:00,14:00,6,2025-09-14,cash,1440000,confirmed,1.0
769,18,71,102,09:00,15:00,6,2025-09-22,mobile banking,1110000,cancelled,1.0
770,42,165,250,07:00,11:00,4,2025-11-07,cash,640000,pending,null
771,7,22,151,06:00,09:00,3,2025-10-26,mobile banking,360000,confirmed,5.0
772,44,174,149,09:00,15:00,6,2025-09-19,cash,480000,pending,null
773,8,27,480,14:00,18:00,4,2025-09-27,mobile banking,840000,cancelled,2.0
774,21,83,163,13:00,19:00,6,2025-09-02,mobile banking,1440000,confirmed,4.0
775,41,154,103,17:00,20:00,3,2025-09-25,cash,165000,confirmed,3.0
776,9,30,81,13:00,18:00,5,2025-11-16,cash,1150000,confirmed,5.0
777,13,47,141,06:00,12:00,6,2025-09-25,mobile banking,660000,pending,null
778,38,144,479,17:00,20:00,3,2025-10-22,mobile banking,315000,confirmed,2.0
779,38,145,144,09:00,11:00,2,2025-09-28,cash,210000,confirmed,1.0
780,35,133,170,16:00,21:00,5,2025-10-20,mobile banking,450000,cancelled,5.0
781,36,136,111,05:00,07:00,2,2025-09-30,cash,230000,cancelled,5.0
782,29,109,166,13:00,15:00,2,2025-09-01,cash,170000,cancelled,1.0
783,14,52,168,17:00,21:00,4,2025-10-31,mobile banking,500000,confirmed,1.0
784,18,71,362,14:00,18:00,4,2025-10-20,mobile banking,740000,confirmed,5.0
785,11,41,432,22:00,23:00,1,2025-11-17,cash,195000,cancelled,3.0
786,47,185,356,13:00,18:00,5,2025-11-02,mobile banking,925000,confirmed,5.0
787,32,119,438,07:00,09:00,2,2025-10-17,mobile banking,100000,pending,3.0
788,21,83,192,09:00,14:00,5,2025-10-19,cash,1200000,cancelled,1.0
789,24,91,3,15:00,18:00,3,2025-09-25,mobile banking,390000,confirmed,3.0
790,49,194,18,17:00,18:00,1,2025-10-05,mobile banking,225000,confirmed,4.0
791,9,32,321,10:00,16:00,6,2025-10-06,cash,1380000,cancelled,1.0
792,32,120,384,09:00,13:00,4,2025-10-31,cash,200000,confirmed,1.0
793,26,101,43,07:00,13:00,6,2025-09-17,mobile banking,1320000,pending,null
794,33,121,143,08:00,11:00,3,2025-11-09,cash,570000,confirmed,1.0
795,1,3,370,07:00,13:00,6,2025-11-15,mobile banking,870000,confirmed,4.0
796,44,175,99,07:00,13:00,6,2025-09-09,cash,480000,pending,null
797,48,187,353,16:00,19:00,3,2025-09-26,mobile banking,435000,confirmed,1.0
798,30,112,175,12:00,17:00,5,2025-09-16,mobile banking,1200000,confirmed,1.0
799,37,141,94,09:00,10:00,1,2025-09-12,cash,125000,confirmed,5.0
800,47,183,236,12:00,13:00,1,2025-10-18,cash,185000,cancelled,2.0
801,37,142,159,11:00,17:00,6,2025-09-17,cash,750000,confirmed,3.0
802,9,31,212,15:00,17:00,2,2025-10-11,cash,460000,pending,3.0
803,31,116,136,18:00,21:00,3,2025-10-27,cash,390000,confirmed,5.0
804,33,123,425,15:00,21:00,6,2025-10-28,cash,1140000,confirmed,5.0
805,22,84,178,11:00,16:00,5,2025-10-26,mobile banking,1150000,confirmed,5.0
806,39,151,396,07:00,10:00,3,2025-11-05,cash,300000,confirmed,4.0
807,48,187,244,15:00,16:00,1,2025-09-24,cash,145000,confirmed,3.0
808,47,186,462,16:00,20:00,4,2025-11-15,cash,740000,confirmed,1.0
809,24,88,172,13:00,15:00,2,2025-10-31,mobile banking,260000,confirmed,1.0
810,7,23,280,07:00,10:00,3,2025-10-30,cash,360000,pending,4.0
811,50,199,243,14:00,19:00,5,2025-10-22,cash,1225000,confirmed,3.0
812,43,168,21,13:00,19:00,6,2025-10-09,cash,510000,pending,null
813,8,28,304,16:00,19:00,3,2025-10-22,cash,630000,confirmed,2.0
814,47,186,488,14:00,20:00,6,2025-09-26,cash,1110000,confirmed,3.0
815,44,170,235,09:00,12:00,3,2025-10-15,mobile banking,240000,confirmed,1.0
816,27,104,42,11:00,13:00,2,2025-10-10,cash,250000,confirmed,2.0
817,32,117,351,10:00,16:00,6,2025-09-20,mobile banking,300000,confirmed,2.0
818,21,79,358,14:00,18:00,4,2025-10-21,cash,960000,cancelled,4.0
819,4,12,66,09:00,11:00,2,2025-10-20,mobile banking,440000,pending,null
820,18,69,306,18:00,21:00,3,2025-10-25,mobile banking,555000,confirmed,3.0
821,41,154,394,15:00,17:00,2,2025-09-23,cash,110000,confirmed,3.0
822,1,4,256,12:00,13:00,1,2025-09-18,cash,145000,confirmed,3.0
823,18,67,218,14:00,17:00,3,2025-09-24,cash,555000,confirmed,4.0
824,21,79,84,12:00,15:00,3,2025-09-23,mobile banking,720000,confirmed,1.0
825,28,105,336,17:00,20:00,3,2025-09-13,mobile banking,675000,pending,null
826,47,183,352,14:00,19:00,5,2025-10-20,mobile banking,925000,confirmed,4.0
827,18,67,380,14:00,17:00,3,2025-10-04,cash,555000,confirmed,4.0
828,18,69,498,13:00,17:00,4,2025-11-08,mobile banking,740000,confirmed,2.0
829,39,150,77,16:00,20:00,4,2025-09-11,cash,400000,confirmed,5.0
830,24,89,223,16:00,21:00,5,2025-10-29,cash,650000,confirmed,1.0
831,12,45,456,10:00,14:00,4,2025-09-07,mobile banking,700000,confirmed,3.0
832,24,88,151,11:00,16:00,5,2025-09-23,mobile banking,650000,confirmed,4.0
833,8,27,58,07:00,13:00,6,2025-11-16,mobile banking,1260000,pending,5.0
834,10,34,65,16:00,17:00,1,2025-09-13,cash,80000,confirmed,4.0
835,26,102,471,16:00,20:00,4,2025-10-02,mobile banking,880000,confirmed,3.0
836,22,84,196,17:00,19:00,2,2025-09-13,cash,460000,confirmed,3.0
837,47,185,370,11:00,12:00,1,2025-10-03,cash,185000,pending,4.0
838,19,75,277,15:00,18:00,3,2025-11-05,cash,705000,confirmed,1.0
839,32,120,383,13:00,15:00,2,2025-10-06,cash,100000,confirmed,1.0
840,34,127,140,15:00,17:00,2,2025-10-07,cash,440000,confirmed,1.0
841,1,2,307,09:00,12:00,3,2025-10-30,mobile banking,435000,confirmed,2.0
842,35,134,314,09:00,12:00,3,2025-09-09,mobile banking,270000,pending,5.0
843,10,36,200,13:00,19:00,6,2025-11-09,mobile banking,480000,cancelled,1.0
844,49,192,78,13:00,16:00,3,2025-10-27,mobile banking,675000,cancelled,4.0
845,9,32,131,08:00,14:00,6,2025-10-20,mobile banking,1380000,confirmed,5.0
846,21,82,107,11:00,16:00,5,2025-09-11,mobile banking,1200000,confirmed,3.0
847,6,21,86,09:00,10:00,1,2025-11-14,mobile banking,55000,confirmed,4.0
848,50,197,193,15:00,20:00,5,2025-10-01,cash,1225000,confirmed,1.0
849,26,103,293,08:00,10:00,2,2025-09-15,mobile banking,440000,confirmed,2.0
850,32,120,462,10:00,13:00,3,2025-10-24,mobile banking,150000,confirmed,3.0
851,5,15,201,15:00,20:00,5,2025-11-08,cash,1075000,cancelled,4.0
852,39,148,205,08:00,12:00,4,2025-09-23,mobile banking,400000,confirmed,3.0
853,11,42,197,18:00,20:00,2,2025-09-13,mobile banking,390000,cancelled,4.0
854,46,181,71,16:00,17:00,1,2025-09-29,cash,185000,confirmed,4.0
855,11,39,292,11:00,16:00,5,2025-09-22,mobile banking,975000,confirmed,3.0
856,11,42,283,18:00,23:00,5,2025-10-20,cash,975000,cancelled,2.0
857,3,8,242,09:00,15:00,6,2025-09-23,cash,1200000,confirmed,3.0
858,25,94,236,16:00,18:00,2,2025-10-30,cash,300000,confirmed,4.0
859,30,111,412,15:00,19:00,4,2025-09-15,mobile banking,960000,cancelled,2.0
860,5,16,384,08:00,14:00,6,2025-09-01,cash,1290000,confirmed,4.0
861,41,161,491,07:00,11:00,4,2025-10-24,mobile banking,220000,cancelled,5.0
862,24,93,225,15:00,20:00,5,2025-09-04,mobile banking,650000,pending,null
863,28,108,205,07:00,13:00,6,2025-10-17,mobile banking,1350000,confirmed,1.0
864,24,89,370,16:00,19:00,3,2025-09-15,cash,390000,confirmed,3.0
865,21,80,50,09:00,13:00,4,2025-10-04,mobile banking,960000,confirmed,1.0
866,30,115,176,10:00,14:00,4,2025-10-04,mobile banking,960000,confirmed,3.0
867,9,32,305,15:00,18:00,3,2025-10-06,cash,690000,pending,null
868,11,37,186,13:00,15:00,2,2025-11-12,mobile banking,390000,confirmed,2.0
869,44,175,345,14:00,17:00,3,2025-10-27,mobile banking,240000,confirmed,2.0
870,49,194,327,14:00,17:00,3,2025-10-03,cash,675000,confirmed,2.0
871,19,75,133,15:00,17:00,2,2025-09-02,mobile banking,470000,pending,null
872,15,57,301,10:00,12:00,2,2025-09-20,mobile banking,440000,confirmed,4.0
873,35,134,248,21:00,23:00,2,2025-09-23,mobile banking,180000,confirmed,1.0
874,21,80,77,09:00,12:00,3,2025-09-29,mobile banking,720000,confirmed,1.0
875,2,6,468,12:00,16:00,4,2025-11-12,cash,820000,pending,5.0
876,9,31,321,06:00,12:00,6,2025-10-22,cash,1380000,cancelled,5.0
877,38,144,229,09:00,14:00,5,2025-09-08,cash,525000,confirmed,2.0
878,35,130,91,17:00,23:00,6,2025-10-29,cash,540000,cancelled,3.0
879,2,5,464,08:00,14:00,6,2025-09-09,cash,1230000,confirmed,1.0
880,12,44,245,14:00,16:00,2,2025-11-14,mobile banking,350000,confirmed,1.0
881,13,48,60,09:00,10:00,1,2025-11-01,mobile banking,110000,confirmed,2.0
882,36,139,250,08:00,13:00,5,2025-11-16,mobile banking,575000,confirmed,5.0
883,1,1,302,12:00,18:00,6,2025-09-25,mobile banking,870000,cancelled,3.0
884,6,20,169,15:00,19:00,4,2025-09-23,mobile banking,220000,confirmed,3.0
885,41,157,258,10:00,13:00,3,2025-11-11,mobile banking,165000,confirmed,1.0
886,10,36,241,13:00,14:00,1,2025-11-05,mobile banking,80000,confirmed,1.0
887,35,134,176,07:00,10:00,3,2025-10-27,cash,270000,confirmed,1.0
888,13,46,164,14:00,17:00,3,2025-10-10,mobile banking,330000,confirmed,3.0
889,6,19,393,07:00,10:00,3,2025-09-25,mobile banking,165000,pending,2.0
890,14,51,404,14:00,19:00,5,2025-11-16,mobile banking,625000,pending,null
891,38,144,75,12:00,16:00,4,2025-10-18,mobile banking,420000,confirmed,3.0
892,44,173,202,13:00,16:00,3,2025-11-12,mobile banking,240000,confirmed,4.0
893,43,168,500,17:00,20:00,3,2025-09-18,mobile banking,255000,pending,1.0
894,21,80,427,10:00,16:00,6,2025-10-08,mobile banking,1440000,confirmed,4.0
895,35,131,409,14:00,19:00,5,2025-09-26,cash,450000,confirmed,4.0
896,11,37,167,11:00,12:00,1,2025-09-21,mobile banking,195000,cancelled,5.0
897,16,59,128,12:00,18:00,6,2025-11-02,mobile banking,1080000,cancelled,5.0
898,46,179,142,07:00,08:00,1,2025-10-14,mobile banking,185000,confirmed,3.0
899,1,4,397,07:00,09:00,2,2025-10-12,mobile banking,290000,pending,null
900,6,19,126,06:00,11:00,5,2025-10-27,mobile banking,275000,confirmed,3.0
901,11,42,446,10:00,11:00,1,2025-09-09,mobile banking,195000,cancelled,3.0
902,2,5,117,10:00,12:00,2,2025-10-30,mobile banking,410000,confirmed,2.0
903,11,39,62,08:00,13:00,5,2025-09-18,mobile banking,975000,confirmed,4.0
904,32,117,290,12:00,17:00,5,2025-09-03,mobile banking,250000,cancelled,5.0
905,22,85,325,17:00,20:00,3,2025-10-13,cash,690000,pending,null
906,46,181,409,15:00,16:00,1,2025-09-21,cash,185000,confirmed,4.0
907,42,163,239,18:00,19:00,1,2025-10-06,mobile banking,160000,cancelled,2.0
908,18,67,174,18:00,20:00,2,2025-11-13,mobile banking,370000,confirmed,4.0
909,14,52,320,11:00,16:00,5,2025-09-01,mobile banking,625000,confirmed,2.0
910,19,76,300,10:00,12:00,2,2025-09-29,mobile banking,470000,confirmed,2.0
911,32,119,396,09:00,15:00,6,2025-09-25,cash,300000,confirmed,2.0
912,15,53,400,14:00,19:00,5,2025-09-06,cash,1100000,confirmed,1.0
913,33,123,104,17:00,19:00,2,2025-09-27,mobile banking,380000,confirmed,3.0
914,21,80,450,06:00,09:00,3,2025-09-18,mobile banking,720000,confirmed,4.0
915,30,113,26,10:00,16:00,6,2025-10-19,mobile banking,1440000,confirmed,2.0
916,24,91,497,08:00,13:00,5,2025-09-12,cash,650000,confirmed,5.0
917,16,59,62,18:00,20:00,2,2025-09-27,mobile banking,360000,pending,3.0
918,49,193,410,11:00,13:00,2,2025-09-12,mobile banking,450000,confirmed,5.0
919,40,153,412,08:00,09:00,1,2025-10-19,mobile banking,110000,confirmed,1.0
920,8,27,485,08:00,11:00,3,2025-10-26,mobile banking,630000,confirmed,1.0
921,44,173,24,11:00,12:00,1,2025-10-12,cash,80000,pending,null
922,25,95,356,09:00,14:00,5,2025-09-18,mobile banking,750000,pending,null
923,46,179,317,11:00,17:00,6,2025-10-18,mobile banking,1110000,pending,null
924,41,156,451,08:00,14:00,6,2025-10-17,cash,330000,pending,null
925,23,87,466,15:00,19:00,4,2025-10-18,mobile banking,940000,confirmed,1.0
926,2,6,18,19:00,20:00,1,2025-10-31,cash,205000,cancelled,1.0
927,15,56,81,13:00,18:00,5,2025-09-22,cash,1100000,confirmed,2.0
928,29,109,238,09:00,10:00,1,2025-10-31,mobile banking,85000,cancelled,5.0
929,34,126,160,15:00,20:00,5,2025-09-01,mobile banking,1100000,confirmed,3.0
930,14,51,490,15:00,21:00,6,2025-10-17,cash,750000,confirmed,5.0
931,8,26,413,15:00,17:00,2,2025-09-17,cash,420000,confirmed,1.0
932,43,169,54,11:00,15:00,4,2025-11-18,cash,340000,confirmed,2.0
933,50,197,267,15:00,21:00,6,2025-11-15,mobile banking,1470000,pending,null
934,28,107,378,09:00,15:00,6,2025-11-14,cash,1350000,pending,4.0
935,10,34,428,10:00,11:00,1,2025-09-05,cash,80000,confirmed,3.0
936,15,57,97,12:00,16:00,4,2025-10-15,mobile banking,880000,confirmed,2.0
937,1,3,382,12:00,17:00,5,2025-09-16,mobile banking,725000,confirmed,5.0
938,47,184,414,10:00,12:00,2,2025-10-14,mobile banking,370000,pending,4.0
939,7,24,219,06:00,09:00,3,2025-10-17,cash,360000,cancelled,2.0
940,31,116,282,08:00,12:00,4,2025-09-16,mobile banking,520000,confirmed,3.0
941,15,56,495,13:00,17:00,4,2025-09-11,cash,880000,confirmed,5.0
942,30,111,102,10:00,16:00,6,2025-09-03,mobile banking,1440000,confirmed,2.0
943,35,133,186,06:00,11:00,5,2025-11-08,cash,450000,confirmed,5.0
944,42,164,326,08:00,10:00,2,2025-09-22,cash,320000,pending,null
945,11,41,26,11:00,15:00,4,2025-10-06,mobile banking,780000,confirmed,5.0
946,1,4,370,10:00,14:00,4,2025-09-18,mobile banking,580000,confirmed,3.0
947,8,26,387,08:00,14:00,6,2025-09-08,mobile banking,1260000,confirmed,4.0
948,46,179,201,09:00,13:00,4,2025-10-24,cash,740000,confirmed,3.0
949,44,171,64,09:00,12:00,3,2025-10-22,cash,240000,confirmed,2.0
950,32,119,267,17:00,18:00,1,2025-09-16,mobile banking,50000,confirmed,5.0
951,33,122,421,14:00,20:00,6,2025-10-09,cash,1140000,confirmed,5.0
952,35,130,487,16:00,17:00,1,2025-10-05,cash,90000,confirmed,3.0
953,10,36,449,17:00,21:00,4,2025-09-22,mobile banking,320000,pending,null
954,47,182,443,15:00,21:00,6,2025-11-16,mobile banking,1110000,confirmed,4.0
955,22,85,443,18:00,19:00,1,2025-09-14,mobile banking,230000,pending,3.0
956,20,78,43,09:00,15:00,6,2025-10-16,cash,1260000,confirmed,4.0
957,27,104,341,16:00,18:00,2,2025-10-26,mobile banking,250000,confirmed,4.0
958,4,12,266,14:00,19:00,5,2025-11-17,mobile banking,1100000,confirmed,1.0
959,10,33,495,09:00,14:00,5,2025-09-16,cash,400000,confirmed,5.0
960,39,149,332,06:00,12:00,6,2025-10-15,mobile banking,600000,cancelled,5.0
961,5,13,343,19:00,23:00,4,2025-10-26,cash,860000,confirmed,2.0
962,33,123,411,11:00,12:00,1,2025-10-23,cash,190000,pending,null
963,14,51,229,10:00,13:00,3,2025-10-06,cash,375000,confirmed,3.0
964,20,77,332,17:00,22:00,5,2025-11-10,mobile banking,1050000,pending,3.0
965,15,56,316,10:00,11:00,1,2025-10-16,cash,220000,confirmed,3.0
966,18,72,161,18:00,19:00,1,2025-10-22,mobile banking,185000,confirmed,4.0
967,38,144,173,11:00,17:00,6,2025-10-15,mobile banking,630000,cancelled,2.0
968,16,60,298,07:00,08:00,1,2025-09-25,mobile banking,180000,cancelled,5.0
969,30,114,317,09:00,14:00,5,2025-10-21,cash,1200000,confirmed,1.0
970,25,99,367,11:00,15:00,4,2025-09-19,mobile banking,600000,confirmed,4.0
971,35,132,292,15:00,16:00,1,2025-11-18,cash,90000,confirmed,2.0
972,48,187,342,15:00,17:00,2,2025-09-20,mobile banking,290000,confirmed,2.0
973,39,147,75,13:00,15:00,2,2025-09-28,cash,200000,confirmed,1.0
974,11,40,283,14:00,18:00,4,2025-11-11,cash,780000,confirmed,5.0
975,3,8,383,15:00,21:00,6,2025-10-20,mobile banking,1200000,pending,3.0
976,15,56,164,10:00,13:00,3,2025-10-01,mobile banking,660000,confirmed,2.0
977,32,118,470,09:00,14:00,5,2025-09-13,mobile banking,250000,confirmed,1.0
978,4,10,421,13:00,19:00,6,2025-11-10,cash,1320000,confirmed,5.0
979,26,103,303,12:00,17:00,5,2025-11-03,mobile banking,1100000,confirmed,2.0
980,32,120,245,07:00,12:00,5,2025-10-15,cash,250000,confirmed,3.0
981,18,72,486,17:00,20:00,3,2025-10-03,cash,555000,pending,null
982,41,156,159,09:00,13:00,4,2025-10-28,mobile banking,220000,confirmed,5.0
983,7,23,349,17:00,19:00,2,2025-11-09,mobile banking,240000,cancelled,5.0
984,5,15,315,08:00,13:00,5,2025-09-10,cash,1075000,confirmed,2.0
985,39,147,16,08:00,13:00,5,2025-09-24,mobile banking,500000,pending,null
986,26,103,413,15:00,20:00,5,2025-10-20,mobile banking,1100000,confirmed,4.0
987,36,137,182,08:00,10:00,2,2025-10-10,cash,230000,pending,null
988,23,86,117,17:00,20:00,3,2025-09-26,mobile banking,705000,cancelled,1.0
989,14,52,451,15:00,16:00,1,2025-09-03,cash,125000,cancelled,1.0
990,42,162,7,05:00,07:00,2,2025-11-07,cash,320000,confirmed,3.0
991,41,159,326,08:00,09:00,1,2025-09-25,mobile banking,55000,confirmed,2.0
992,36,135,192,07:00,13:00,6,2025-11-16,cash,690000,cancelled,2.0
993,15,54,479,05:00,09:00,4,2025-09-05,cash,880000,pending,3.0
994,32,119,266,09:00,15:00,6,2025-11-15,cash,300000,cancelled,4.0
995,19,74,476,11:00,16:00,5,2025-10-29,mobile banking,1175000,pending,1.0
996,6,20,123,16:00,18:00,2,2025-09-19,mobile banking,110000,confirmed,4.0
997,47,184,51,21:00,22:00,1,2025-11-15,cash,185000,confirmed,3.0
998,8,29,165,10:00,16:00,6,2025-10-07,cash,1260000,confirmed,2.0
999,49,193,43,14:00,18:00,4,2025-10-19,mobile banking,900000,confirmed,1.0
1000,24,92,157,16:00,20:00,4,2025-10-20,mobile banking,520000,cancelled,3.0
